Student Roll Number, Course ID 
r1,h8 
r1,h52 
r2,h81 
r2,h13 
r2,h17 
r3,h91 
r3,h88 
r3,h10 
r3,h81 
r3,h75 
r3,h57 
r3,h29 
r4,h40 
r5,h2 
r5,h36 
r5,h55 
r5,h41 
r5,h20 
r5,h61 
r5,h69 
r6,h12 
r7,h37 
r7,h56 
r7,h13 
r7,h32 
r7,h33 
r8,h56 
r8,h13 
r8,h98 
r8,h63 
r9,h54 
r9,h33 
r10,h50 
r10,h97 
r10,h77 
r10,h13 
r10,h45 
r11,h97 
r11,h19 
r11,h81 
r11,h13 
r11,h53 
r11,h39 
r11,h52 
r11,h29 
r12,h79 
r13,h15 
r13,h24 
r13,h95 
r13,h44 
r13,h27 
r14,h60 
r14,h69 
r14,h58 
r14,h99 
r15,h15 
r15,h55 
r15,h13 
r15,h35 
r15,h12 
r15,h57 
r15,h47 
r16,h2 
r16,h32 
r17,h48 
r17,h88 
r17,h9 
r17,h42 
r17,h89 
r17,h31 
r17,h95 
r17,h16 
r17,h35 
r17,h44 
r17,h32 
r17,h79 
r18,h100 
r18,h76 
r19,h56 
r19,h65 
r19,h81 
r19,h54 
r20,h97 
r20,h23 
r20,h17 
r21,h18 
r21,h13 
r21,h22 
r22,h9 
r22,h12 
r22,h23 
r22,h61 
r22,h83 
r23,h2 
r23,h46 
r23,h36 
r23,h24 
r23,h75 
r23,h72 
r23,h21 
r24,h38 
r24,h37 
r24,h42 
r24,h55 
r24,h11 
r24,h12 
r24,h62 
r25,h42 
r25,h35 
r25,h5 
r26,h50 
r26,h48 
r26,h14 
r26,h93 
r26,h2 
r26,h78 
r26,h24 
r26,h37 
r26,h19 
r26,h96 
r27,h26 
r27,h74 
r27,h79 
r28,h54 
r28,h100 
r28,h39 
r28,h45 
r28,h47 
r29,h37 
r29,h6 
r29,h33 
r30,h94 
r30,h57 
r30,h68 
r30,h64 
r31,h48 
r31,h87 
r31,h38 
r31,h24 
r31,h42 
r31,h55 
r31,h89 
r31,h26 
r31,h49 
r31,h30 
r32,h97 
r32,h12 
r32,h49 
r33,h96 
r33,h32 
r34,h91 
r34,h38 
r34,h42 
r34,h41 
r34,h65 
r34,h26 
r35,h48 
r35,h2 
r35,h46 
r35,h9 
r35,h37 
r35,h42 
r35,h97 
r35,h31 
r35,h57 
r35,h62 
r36,h55 
r36,h66 
r36,h76 
r37,h37 
r37,h41 
r37,h100 
r37,h76 
r38,h12 
r38,h6 
r39,h42 
r39,h10 
r39,h65 
r39,h13 
r39,h98 
r39,h74 
r40,h37 
r40,h65 
r40,h35 
r41,h14 
r41,h17 
r42,h48 
r42,h42 
r42,h20 
r42,h68 
r42,h74 
r42,h83 
r42,h62 
r43,h37 
r43,h13 
r43,h53 
r43,h47 
r44,h48 
r44,h49 
r45,h48 
r45,h91 
r45,h18 
r45,h2 
r45,h36 
r45,h38 
r45,h97 
r45,h19 
r45,h53 
r45,h54 
r45,h39 
r45,h17 
r45,h79 
r45,h40 
r46,h48 
r46,h2 
r46,h55 
r46,h89 
r46,h11 
r46,h96 
r46,h23 
r46,h44 
r46,h32 
r47,h2 
r47,h36 
r47,h41 
r47,h53 
r47,h90 
r47,h76 
r48,h94 
r48,h66 
r48,h79 
r49,h56 
r49,h23 
r49,h17 
r50,h15 
r50,h98 
r50,h100 
r50,h69 
r50,h22 
r50,h80 
r50,h62 
r51,h18 
r51,h15 
r51,h95 
r51,h96 
r51,h66 
r51,h17 
r51,h71 
r51,h62 
r52,h18 
r52,h38 
r52,h78 
r52,h42 
r52,h97 
r52,h100 
r52,h71 
r52,h62 
r53,h100 
r53,h62 
r54,h74 
r54,h83 
r55,h52 
r55,h63 
r56,h24 
r57,h37 
r57,h35 
r58,h42 
r58,h74 
r58,h27 
r59,h91 
r59,h36 
r59,h41 
r59,h56 
r59,h77 
r59,h57 
r59,h47 
r60,h42 
r60,h5 
r60,h66 
r61,h48 
r61,h38 
r61,h75 
r61,h23 
r61,h6 
r61,h76 
r61,h4 
r62,h23 
r62,h68 
r62,h62 
r63,h95 
r63,h35 
r64,h2 
r64,h11 
r64,h95 
r64,h23 
r64,h52 
r64,h22 
r65,h15 
r65,h75 
r65,h53 
r66,h79 
r66,h72 
r67,h36 
r67,h24 
r67,h34 
r68,h18 
r68,h36 
r68,h35 
r68,h26 
r68,h63 
r69,h50 
r69,h91 
r69,h60 
r69,h22 
r70,h41 
r70,h65 
r70,h100 
r71,h19 
r71,h41 
r71,h54 
r71,h26 
r72,h81 
r72,h95 
r72,h32 
r72,h99 
r73,h48 
r73,h9 
r73,h15 
r73,h42 
r73,h35 
r73,h20 
r73,h57 
r73,h61 
r73,h6 
r73,h27 
r74,h23 
r74,h66 
r74,h82 
r75,h36 
r75,h20 
r75,h27 
r76,h89 
r76,h41 
r76,h23 
r76,h4 
r77,h65 
r77,h1 
r77,h95 
r77,h45 
r78,h50 
r78,h18 
r78,h36 
r78,h7 
r78,h55 
r78,h16 
r78,h100 
r79,h87 
r79,h24 
r79,h37 
r79,h94 
r79,h95 
r79,h23 
r79,h26 
r80,h56 
r80,h83 
r81,h37 
r81,h33 
r81,h79 
r81,h58 
r82,h23 
r82,h100 
r82,h33 
r82,h49 
r82,h82 
r83,h19 
r83,h35 
r84,h37 
r84,h42 
r84,h56 
r84,h65 
r84,h12 
r84,h23 
r84,h100 
r85,h50 
r85,h2 
r85,h46 
r85,h19 
r85,h5 
r85,h98 
r85,h20 
r85,h76 
r86,h42 
r86,h94 
r86,h5 
r87,h2 
r87,h46 
r87,h7 
r87,h19 
r87,h56 
r87,h49 
r87,h58 
r88,h48 
r88,h24 
r88,h56 
r88,h77 
r88,h57 
r88,h39 
r88,h79 
r88,h83 
r88,h27 
r89,h7 
r89,h81 
r89,h35 
r89,h20 
r89,h34 
r90,h50 
r90,h65 
r90,h17 
r91,h50 
r91,h2 
r91,h55 
r91,h56 
r91,h60 
r91,h53 
r91,h68 
r91,h25 
r92,h87 
r92,h47 
r93,h24 
r93,h43 
r94,h91 
r94,h2 
r94,h97 
r94,h12 
r94,h57 
r94,h26 
r94,h79 
r94,h80 
r95,h99 
r96,h50 
r96,h59 
r96,h18 
r96,h84 
r96,h14 
r96,h46 
r96,h24 
r96,h42 
r96,h55 
r96,h10 
r96,h81 
r96,h5 
r96,h8 
r96,h90 
r96,h3 
r97,h87 
r97,h15 
r97,h10 
r97,h56 
r97,h49 
r98,h48 
r98,h18 
r98,h93 
r98,h7 
r98,h89 
r98,h11 
r98,h16 
r98,h8 
r98,h92 
r98,h45 
r99,h61 
r99,h52 
r99,h58 
r100,h50 
r100,h91 
r100,h18 
r100,h42 
r100,h19 
r100,h77 
r100,h17 
r100,h63 
r100,h34 
r100,h58 
r101,h84 
r101,h88 
r101,h24 
r101,h56 
r101,h77 
r101,h1 
r101,h60 
r101,h23 
r102,h68 
r102,h82 
r103,h18 
r103,h36 
r103,h87 
r103,h41 
r103,h69 
r104,h41 
r104,h56 
r104,h77 
r104,h44 
r104,h26 
r104,h34 
r105,h91 
r105,h24 
r105,h55 
r105,h99 
r106,h18 
r106,h36 
r106,h7 
r106,h38 
r106,h15 
r106,h56 
r106,h54 
r106,h26 
r107,h50 
r107,h24 
r107,h89 
r107,h65 
r107,h13 
r107,h47 
r108,h2 
r108,h81 
r108,h26 
r108,h27 
r109,h18 
r109,h38 
r109,h19 
r109,h41 
r109,h56 
r109,h52 
r110,h91 
r110,h10 
r110,h56 
r110,h75 
r110,h53 
r110,h69 
r111,h46 
r111,h88 
r111,h9 
r111,h24 
r111,h77 
r111,h81 
r111,h35 
r111,h39 
r111,h32 
r112,h50 
r112,h87 
r112,h38 
r112,h15 
r112,h35 
r112,h49 
r112,h62 
r113,h95 
r113,h32 
r113,h21 
r114,h50 
r114,h48 
r114,h36 
r114,h37 
r114,h11 
r114,h90 
r114,h6 
r114,h92 
r115,h84 
r115,h98 
r115,h6 
r116,h48 
r116,h2 
r116,h36 
r116,h88 
r116,h15 
r116,h42 
r116,h95 
r116,h22 
r117,h48 
r117,h18 
r117,h36 
r117,h89 
r117,h5 
r118,h50 
r118,h48 
r118,h18 
r118,h2 
r118,h15 
r118,h65 
r118,h60 
r118,h95 
r118,h5 
r118,h54 
r118,h80 
r119,h14 
r119,h87 
r119,h78 
r119,h19 
r119,h56 
r119,h65 
r119,h77 
r119,h11 
r119,h95 
r119,h16 
r119,h57 
r119,h61 
r119,h6 
r120,h81 
r120,h60 
r120,h43 
r121,h46 
r121,h36 
r121,h24 
r121,h55 
r121,h97 
r121,h56 
r121,h65 
r121,h77 
r121,h95 
r121,h57 
r121,h79 
r121,h80 
r122,h48 
r122,h89 
r122,h41 
r122,h75 
r122,h12 
r122,h54 
r123,h55 
r123,h41 
r123,h13 
r123,h33 
r124,h7 
r124,h42 
r124,h41 
r124,h53 
r124,h64 
r125,h35 
r125,h57 
r126,h50 
r126,h48 
r126,h59 
r126,h91 
r126,h2 
r126,h46 
r126,h36 
r126,h87 
r126,h38 
r126,h56 
r126,h94 
r126,h35 
r126,h53 
r126,h61 
r127,h56 
r127,h95 
r127,h35 
r127,h86 
r128,h35 
r128,h100 
r129,h93 
r129,h88 
r129,h15 
r129,h61 
r129,h22 
r129,h62 
r129,h86 
r130,h41 
r130,h11 
r130,h72 
r130,h29 
r131,h48 
r131,h46 
r131,h7 
r131,h24 
r131,h35 
r131,h66 
r131,h39 
r131,h49 
r131,h79 
r131,h92 
r132,h69 
r132,h67 
r133,h57 
r134,h65 
r134,h90 
r134,h92 
r135,h91 
r135,h100 
r135,h80 
r135,h27 
r136,h50 
r136,h35 
r136,h63 
r136,h80 
r137,h38 
r137,h57 
r137,h80 
r137,h28 
r138,h46 
r138,h88 
r138,h42 
r138,h19 
r138,h16 
r138,h75 
r138,h100 
r138,h63 
r139,h31 
r139,h20 
r140,h50 
r140,h59 
r140,h91 
r140,h18 
r140,h89 
r140,h95 
r140,h5 
r140,h26 
r140,h6 
r140,h28 
r140,h62 
r141,h15 
r141,h28 
r141,h40 
r142,h38 
r142,h83 
r142,h62 
r143,h37 
r143,h79 
r143,h28 
r144,h14 
r144,h28 
r145,h78 
r145,h16 
r145,h76 
r145,h85 
r146,h59 
r146,h97 
r146,h63 
r147,h9 
r147,h38 
r147,h24 
r147,h37 
r147,h6 
r147,h22 
r147,h58 
r148,h98 
r148,h72 
r148,h28 
r149,h36 
r149,h42 
r149,h94 
r149,h35 
r149,h45 
r150,h50 
r150,h91 
r150,h15 
r150,h24 
r150,h19 
r150,h81 
r150,h94 
r150,h95 
r150,h16 
r150,h75 
r150,h69 
r150,h72 
r151,h50 
r151,h38 
r151,h75 
r151,h98 
r151,h49 
r151,h85 
r152,h91 
r152,h2 
r152,h36 
r152,h9 
r152,h78 
r152,h65 
r152,h1 
r152,h68 
r152,h32 
r152,h82 
r153,h19 
r153,h95 
r153,h68 
r154,h66 
r154,h71 
r155,h2 
r155,h36 
r155,h15 
r155,h71 
r155,h47 
r156,h65 
r157,h38 
r157,h24 
r157,h30 
r158,h55 
r158,h53 
r158,h66 
r159,h24 
r159,h66 
r159,h34 
r160,h50 
r160,h48 
r160,h18 
r160,h78 
r160,h24 
r160,h55 
r160,h10 
r160,h19 
r160,h81 
r160,h95 
r160,h20 
r160,h68 
r161,h48 
r161,h87 
r161,h81 
r161,h11 
r161,h61 
r161,h74 
r161,h33 
r161,h34 
r162,h59 
r162,h38 
r162,h81 
r162,h98 
r162,h20 
r162,h74 
r163,h48 
r163,h88 
r163,h63 
r163,h43 
r164,h10 
r164,h56 
r164,h94 
r164,h20 
r164,h71 
r164,h40 
r165,h97 
r165,h76 
r166,h50 
r166,h59 
r166,h36 
r166,h37 
r166,h77 
r166,h23 
r166,h98 
r166,h54 
r166,h26 
r166,h39 
r166,h47 
r167,h33 
r167,h76 
r167,h30 
r168,h15 
r168,h56 
r168,h13 
r168,h49 
r169,h6 
r169,h86 
r170,h52 
r171,h98 
r171,h51 
r172,h19 
r172,h12 
r172,h57 
r172,h85 
r172,h83 
r173,h81 
r173,h13 
r174,h50 
r174,h37 
r174,h19 
r174,h94 
r174,h98 
r174,h26 
r175,h88 
r175,h15 
r175,h100 
r175,h76 
r176,h55 
r176,h19 
r176,h73 
r177,h91 
r177,h37 
r177,h65 
r177,h95 
r177,h67 
r178,h35 
r178,h74 
r179,h32 
r180,h50 
r180,h91 
r180,h46 
r180,h87 
r180,h15 
r180,h89 
r180,h56 
r180,h77 
r180,h44 
r180,h52 
r180,h45 
r181,h18 
r181,h74 
r181,h45 
r182,h17 
r182,h69 
r182,h58 
r183,h19 
r183,h74 
r183,h49 
r183,h63 
r184,h58 
r184,h4 
r184,h29 
r185,h46 
r185,h88 
r185,h1 
r185,h95 
r185,h96 
r185,h68 
r185,h92 
r186,h48 
r186,h95 
r186,h79 
r187,h33 
r188,h15 
r188,h22 
r189,h50 
r189,h59 
r189,h18 
r189,h15 
r189,h42 
r189,h1 
r189,h39 
r189,h49 
r189,h83 
r189,h82 
r190,h78 
r190,h1 
r190,h12 
r191,h96 
r191,h57 
r192,h41 
r192,h65 
r193,h28 
r194,h12 
r195,h2 
r195,h24 
r195,h32 
r196,h14 
r196,h2 
r196,h88 
r196,h55 
r196,h41 
r196,h39 
r196,h67 
r197,h7 
r197,h37 
r197,h1 
r197,h12 
r197,h74 
r198,h36 
r198,h56 
r198,h44 
r198,h53 
r198,h26 
r199,h55 
r199,h41 
r199,h56 
r199,h5 
r199,h68 
r199,h100 
r200,h48 
r200,h37 
r200,h55 
r200,h97 
r200,h94 
r200,h5 
r200,h8 
r200,h66 
r200,h76 
r201,h37 
r201,h65 
r201,h32 
r201,h49 
r202,h7 
r202,h54 
r202,h57 
r203,h55 
r203,h34 
r204,h48 
r204,h37 
r204,h19 
r204,h56 
r204,h98 
r204,h72 
r205,h48 
r205,h2 
r205,h37 
r205,h55 
r205,h95 
r205,h3 
r205,h86 
r206,h48 
r206,h18 
r206,h37 
r206,h19 
r206,h65 
r206,h77 
r206,h1 
r206,h13 
r206,h96 
r206,h12 
r206,h69 
r206,h45 
r206,h73 
r207,h91 
r207,h2 
r207,h65 
r207,h44 
r207,h68 
r207,h52 
r208,h50 
r208,h36 
r208,h55 
r208,h19 
r208,h13 
r208,h35 
r208,h63 
r208,h80 
r209,h88 
r209,h38 
r209,h57 
r209,h63 
r209,h69 
r210,h99 
r211,h24 
r211,h19 
r211,h95 
r211,h32 
r211,h4 
r212,h88 
r212,h37 
r212,h94 
r212,h95 
r213,h7 
r213,h24 
r213,h20 
r213,h6 
r213,h22 
r214,h57 
r215,h2 
r215,h68 
r215,h6 
r215,h79 
r215,h34 
r215,h83 
r215,h70 
r216,h79 
r217,h44 
r217,h66 
r217,h39 
r218,h59 
r218,h79 
r218,h71 
r218,h80 
r219,h65 
r219,h66 
r220,h36 
r220,h87 
r220,h37 
r220,h56 
r220,h23 
r220,h32 
r221,h50 
r221,h59 
r221,h14 
r221,h9 
r221,h87 
r221,h15 
r221,h42 
r221,h97 
r221,h10 
r221,h65 
r221,h1 
r222,h65 
r222,h67 
r222,h72 
r223,h91 
r223,h74 
r223,h58 
r224,h50 
r224,h60 
r224,h83 
r224,h99 
r225,h91 
r225,h89 
r225,h95 
r225,h17 
r225,h3 
r225,h47 
r226,h37 
r226,h55 
r226,h10 
r227,h38 
r227,h12 
r228,h2 
r228,h36 
r228,h30 
r229,h91 
r229,h13 
r229,h95 
r230,h23 
r230,h66 
r230,h71 
r231,h18 
r231,h14 
r231,h56 
r231,h44 
r231,h76 
r232,h65 
r232,h32 
r232,h71 
r233,h2 
r233,h38 
r233,h37 
r233,h41 
r233,h11 
r233,h76 
r234,h81 
r234,h13 
r234,h60 
r234,h75 
r234,h76 
r235,h54 
r235,h100 
r235,h26 
r235,h22 
r236,h36 
r236,h49 
r236,h4 
r237,h33 
r237,h69 
r237,h40 
r238,h81 
r238,h98 
r238,h86 
r239,h75 
r239,h49 
r239,h27 
r239,h82 
r239,h64 
r240,h37 
r240,h65 
r240,h96 
r240,h74 
r241,h57 
r241,h30 
r241,h83 
r241,h73 
r242,h19 
r242,h95 
r243,h23 
r244,h66 
r245,h41 
r245,h56 
r245,h20 
r246,h1 
r246,h11 
r246,h95 
r246,h52 
r246,h63 
r247,h50 
r247,h88 
r247,h83 
r248,h2 
r248,h11 
r248,h57 
r248,h3 
r249,h18 
r249,h14 
r249,h78 
r249,h56 
r249,h98 
r250,h7 
r250,h81 
r250,h60 
r250,h12 
r250,h76 
r251,h42 
r251,h81 
r251,h74 
r251,h76 
r251,h83 
r252,h88 
r252,h55 
r252,h95 
r252,h66 
r252,h85 
r253,h17 
r254,h67 
r255,h33 
r255,h79 
r255,h25 
r256,h35 
r256,h49 
r256,h76 
r257,h56 
r257,h60 
r257,h23 
r257,h39 
r257,h79 
r257,h3 
r258,h2 
r258,h36 
r258,h15 
r258,h57 
r259,h54 
r259,h100 
r259,h34 
r259,h58 
r259,h47 
r260,h46 
r260,h36 
r260,h26 
r261,h48 
r261,h19 
r261,h73 
r262,h87 
r262,h65 
r262,h23 
r263,h32 
r263,h80 
r264,h11 
r264,h5 
r264,h99 
r264,h29 
r265,h81 
r265,h32 
r266,h13 
r266,h4 
r267,h11 
r267,h23 
r267,h49 
r268,h48 
r268,h37 
r268,h76 
r269,h56 
r269,h13 
r270,h74 
r270,h6 
r270,h80 
r271,h88 
r271,h24 
r271,h37 
r272,h91 
r272,h19 
r272,h65 
r272,h35 
r273,h50 
r273,h18 
r273,h35 
r273,h20 
r273,h68 
r273,h49 
r273,h92 
r274,h6 
r274,h34 
r275,h2 
r275,h31 
r275,h23 
r275,h74 
r275,h64 
r276,h50 
r276,h24 
r276,h55 
r276,h66 
r276,h100 
r276,h79 
r277,h50 
r277,h48 
r277,h91 
r277,h46 
r277,h15 
r277,h55 
r277,h89 
r277,h41 
r277,h13 
r277,h74 
r277,h90 
r277,h92 
r277,h86 
r278,h41 
r278,h56 
r278,h16 
r278,h83 
r279,h15 
r279,h95 
r279,h35 
r280,h2 
r280,h24 
r280,h20 
r280,h57 
r281,h24 
r281,h19 
r282,h91 
r282,h2 
r282,h87 
r282,h97 
r282,h81 
r282,h35 
r282,h8 
r282,h23 
r282,h57 
r282,h66 
r283,h91 
r283,h18 
r283,h46 
r283,h36 
r283,h7 
r283,h38 
r283,h10 
r283,h41 
r283,h77 
r283,h20 
r283,h74 
r284,h37 
r284,h19 
r284,h6 
r284,h72 
r285,h18 
r285,h14 
r285,h36 
r285,h24 
r285,h55 
r285,h19 
r285,h77 
r285,h1 
r285,h16 
r286,h91 
r286,h36 
r286,h88 
r286,h37 
r286,h11 
r286,h64 
r287,h2 
r287,h77 
r287,h81 
r288,h50 
r288,h91 
r288,h88 
r288,h7 
r288,h78 
r288,h15 
r288,h55 
r288,h19 
r288,h13 
r288,h74 
r289,h81 
r289,h26 
r290,h91 
r290,h42 
r290,h95 
r290,h82 
r291,h48 
r291,h18 
r291,h93 
r291,h88 
r291,h78 
r291,h15 
r291,h94 
r291,h96 
r291,h75 
r291,h54 
r292,h46 
r292,h82 
r293,h14 
r293,h98 
r293,h79 
r294,h48 
r294,h12 
r294,h23 
r294,h33 
r295,h42 
r295,h77 
r295,h75 
r295,h12 
r295,h32 
r296,h2 
r296,h37 
r296,h55 
r296,h19 
r296,h65 
r296,h35 
r296,h54 
r296,h61 
r297,h36 
r297,h15 
r297,h81 
r297,h13 
r297,h90 
r297,h79 
r298,h30 
r299,h42 
r299,h65 
r299,h60 
r299,h66 
r299,h68 
r299,h52 
r300,h15 
r300,h95 
r300,h76 
r300,h25 
r301,h48 
r301,h18 
r301,h9 
r301,h15 
r301,h55 
r301,h56 
r301,h94 
r301,h100 
r301,h26 
r302,h36 
r302,h6 
r302,h32 
r302,h71 
r303,h50 
r303,h12 
r303,h63 
r303,h34 
r304,h41 
r304,h94 
r304,h72 
r305,h48 
r305,h59 
r305,h91 
r305,h84 
r305,h14 
r305,h46 
r305,h38 
r305,h15 
r305,h89 
r305,h65 
r305,h16 
r305,h57 
r305,h32 
r305,h52 
r305,h73 
r306,h48 
r306,h84 
r306,h36 
r306,h81 
r306,h94 
r306,h13 
r306,h63 
r306,h80 
r306,h40 
r307,h96 
r307,h33 
r308,h18 
r308,h87 
r308,h19 
r308,h65 
r308,h23 
r308,h82 
r308,h51 
r309,h50 
r309,h84 
r309,h97 
r309,h20 
r309,h30 
r309,h58 
r310,h95 
r310,h3 
r311,h81 
r311,h40 
r312,h36 
r312,h15 
r312,h19 
r312,h56 
r312,h57 
r312,h74 
r312,h49 
r312,h76 
r312,h58 
r313,h97 
r313,h23 
r314,h48 
r314,h18 
r314,h15 
r314,h11 
r314,h75 
r314,h26 
r314,h71 
r314,h62 
r315,h50 
r315,h15 
r315,h89 
r315,h98 
r315,h64 
r316,h40 
r316,h21 
r317,h18 
r317,h15 
r317,h26 
r317,h83 
r318,h7 
r318,h81 
r318,h95 
r318,h75 
r318,h54 
r319,h81 
r319,h13 
r319,h26 
r320,h42 
r320,h79 
r321,h94 
r321,h16 
r321,h12 
r321,h39 
r321,h63 
r321,h86 
r322,h5 
r322,h26 
r323,h42 
r323,h10 
r323,h81 
r323,h74 
r323,h30 
r324,h2 
r324,h38 
r324,h31 
r324,h35 
r324,h54 
r324,h66 
r324,h33 
r324,h52 
r324,h22 
r324,h29 
r325,h84 
r325,h89 
r325,h53 
r325,h74 
r325,h80 
r326,h2 
r326,h7 
r326,h100 
r326,h71 
r327,h84 
r327,h36 
r327,h88 
r327,h38 
r327,h24 
r327,h11 
r327,h95 
r327,h5 
r327,h49 
r327,h70 
r328,h38 
r328,h15 
r328,h81 
r328,h5 
r328,h57 
r329,h37 
r329,h99 
r330,h16 
r330,h80 
r330,h99 
r331,h2 
r331,h78 
r331,h24 
r331,h55 
r331,h56 
r331,h75 
r331,h27 
r332,h49 
r332,h28 
r333,h37 
r333,h98 
r333,h44 
r333,h54 
r333,h32 
r333,h99 
r334,h84 
r334,h2 
r334,h87 
r334,h55 
r334,h94 
r334,h1 
r334,h17 
r334,h73 
r334,h70 
r335,h18 
r335,h14 
r335,h24 
r335,h37 
r335,h10 
r335,h1 
r335,h11 
r335,h8 
r335,h53 
r335,h57 
r335,h92 
r336,h81 
r336,h44 
r336,h74 
r337,h13 
r337,h35 
r337,h44 
r338,h77 
r338,h1 
r338,h23 
r338,h66 
r338,h92 
r339,h42 
r339,h97 
r339,h56 
r339,h75 
r339,h66 
r340,h8 
r340,h98 
r341,h88 
r341,h94 
r341,h79 
r341,h63 
r341,h73 
r342,h88 
r342,h37 
r342,h95 
r342,h54 
r343,h91 
r343,h18 
r343,h2 
r343,h36 
r343,h56 
r343,h77 
r343,h13 
r343,h96 
r343,h20 
r343,h44 
r343,h100 
r343,h6 
r344,h48 
r344,h60 
r344,h100 
r345,h50 
r345,h91 
r345,h65 
r345,h90 
r345,h85 
r345,h72 
r346,h36 
r346,h81 
r347,h84 
r347,h35 
r347,h79 
r347,h28 
r348,h41 
r348,h95 
r348,h75 
r348,h44 
r348,h64 
r349,h55 
r349,h20 
r350,h95 
r350,h23 
r350,h26 
r350,h74 
r350,h22 
r351,h18 
r351,h65 
r351,h60 
r351,h33 
r352,h81 
r352,h12 
r352,h44 
r352,h17 
r352,h30 
r353,h12 
r353,h32 
r354,h18 
r354,h74 
r354,h6 
r355,h37 
r355,h16 
r355,h98 
r355,h27 
r356,h97 
r356,h53 
r356,h63 
r357,h38 
r357,h32 
r357,h69 
r358,h80 
r359,h36 
r359,h38 
r359,h56 
r360,h46 
r360,h42 
r360,h89 
r360,h74 
r360,h99 
r361,h48 
r361,h89 
r361,h98 
r361,h57 
r361,h52 
r361,h3 
r362,h48 
r362,h38 
r362,h100 
r362,h72 
r362,h3 
r362,h51 
r363,h48 
r363,h46 
r363,h36 
r363,h55 
r363,h19 
r363,h1 
r363,h16 
r363,h23 
r363,h66 
r363,h39 
r363,h17 
r363,h79 
r363,h80 
r364,h14 
r364,h57 
r364,h80 
r365,h61 
r365,h63 
r365,h28 
r365,h40 
r366,h91 
r366,h7 
r366,h78 
r366,h15 
r366,h37 
r366,h42 
r366,h10 
r366,h65 
r366,h81 
r366,h60 
r366,h5 
r366,h72 
r366,h86 
r366,h51 
r367,h91 
r367,h55 
r367,h35 
r367,h79 
r368,h22 
r368,h47 
r369,h56 
r369,h94 
r369,h31 
r369,h71 
r370,h93 
r370,h7 
r370,h55 
r370,h41 
r370,h94 
r370,h11 
r370,h20 
r370,h57 
r370,h72 
r371,h56 
r371,h65 
r371,h60 
r371,h57 
r371,h86 
r372,h65 
r372,h53 
r372,h39 
r373,h48 
r373,h84 
r373,h87 
r373,h24 
r373,h97 
r373,h65 
r373,h8 
r373,h52 
r373,h34 
r373,h83 
r374,h5 
r374,h34 
r374,h27 
r375,h56 
r375,h23 
r375,h57 
r375,h82 
r376,h62 
r377,h91 
r377,h42 
r377,h56 
r377,h65 
r377,h11 
r377,h98 
r377,h39 
r377,h40 
r377,h29 
r378,h37 
r378,h65 
r378,h5 
r378,h83 
r378,h25 
r379,h30 
r380,h35 
r380,h33 
r381,h55 
r381,h3 
r381,h28 
r382,h19 
r382,h61 
r382,h32 
r382,h22 
r383,h59 
r383,h84 
r383,h14 
r383,h7 
r383,h35 
r383,h20 
r383,h63 
r384,h65 
r385,h33 
r386,h48 
r386,h18 
r386,h56 
r386,h99 
r387,h57 
r387,h33 
r387,h69 
r387,h64 
r388,h91 
r388,h45 
r389,h91 
r389,h24 
r389,h94 
r389,h12 
r389,h83 
r390,h48 
r390,h59 
r390,h93 
r390,h2 
r390,h87 
r390,h97 
r390,h10 
r390,h11 
r390,h26 
r390,h33 
r390,h49 
r390,h76 
r390,h85 
r390,h22 
r391,h91 
r391,h18 
r391,h42 
r391,h55 
r391,h97 
r391,h89 
r391,h65 
r391,h100 
r392,h63 
r392,h69 
r393,h59 
r393,h18 
r393,h14 
r393,h2 
r393,h24 
r393,h42 
r393,h5 
r393,h57 
r393,h26 
r394,h2 
r394,h75 
r394,h23 
r395,h48 
r395,h87 
r395,h57 
r395,h74 
r396,h8 
r396,h54 
r396,h72 
r397,h56 
r397,h60 
r397,h95 
r397,h54 
r397,h66 
r398,h50 
r398,h15 
r398,h37 
r398,h97 
r398,h63 
r398,h34 
r398,h28 
r399,h95 
r399,h26 
r399,h17 
r399,h40 
r400,h19 
r400,h35 
r400,h100 
r401,h12 
r402,h19 
r402,h66 
r403,h6 
r404,h91 
r404,h60 
r404,h32 
r404,h69 
r405,h24 
r405,h81 
r405,h80 
r406,h97 
r406,h23 
r406,h33 
r407,h50 
r407,h35 
r407,h64 
r408,h50 
r408,h24 
r408,h42 
r408,h10 
r408,h89 
r408,h54 
r408,h76 
r409,h84 
r409,h36 
r409,h56 
r409,h35 
r410,h88 
r410,h81 
r410,h66 
r411,h42 
r411,h58 
r412,h36 
r412,h38 
r412,h24 
r412,h37 
r412,h57 
r412,h52 
r413,h35 
r413,h5 
r414,h48 
r414,h65 
r414,h6 
r414,h52 
r415,h50 
r415,h12 
r415,h100 
r415,h33 
r416,h48 
r416,h84 
r416,h87 
r416,h57 
r416,h71 
r416,h4 
r416,h43 
r417,h2 
r417,h10 
r417,h65 
r417,h66 
r417,h73 
r418,h84 
r418,h79 
r418,h76 
r419,h50 
r419,h2 
r419,h65 
r419,h11 
r420,h36 
r420,h97 
r420,h81 
r420,h95 
r421,h88 
r421,h89 
r421,h94 
r421,h35 
r421,h6 
r422,h15 
r422,h65 
r422,h13 
r422,h39 
r422,h76 
r423,h5 
r423,h23 
r423,h98 
r423,h100 
r424,h37 
r424,h13 
r424,h60 
r424,h23 
r424,h68 
r424,h22 
r425,h10 
r425,h81 
r425,h6 
r425,h79 
r426,h50 
r426,h84 
r426,h9 
r426,h38 
r426,h78 
r426,h56 
r426,h54 
r426,h74 
r426,h71 
r427,h79 
r427,h40 
r428,h97 
r428,h41 
r428,h77 
r428,h63 
r428,h28 
r429,h50 
r429,h43 
r430,h16 
r430,h75 
r430,h54 
r430,h57 
r430,h49 
r431,h50 
r431,h18 
r431,h93 
r431,h78 
r431,h97 
r431,h13 
r431,h16 
r431,h96 
r431,h35 
r431,h98 
r431,h20 
r431,h54 
r431,h26 
r431,h79 
r432,h37 
r432,h60 
r432,h35 
r432,h23 
r432,h20 
r433,h94 
r433,h95 
r433,h44 
r433,h83 
r433,h64 
r434,h59 
r434,h91 
r434,h93 
r434,h2 
r434,h46 
r434,h89 
r434,h57 
r434,h69 
r434,h80 
r434,h82 
r435,h48 
r435,h14 
r435,h2 
r435,h88 
r435,h78 
r435,h42 
r435,h11 
r435,h31 
r435,h23 
r435,h98 
r435,h79 
r435,h30 
r435,h27 
r435,h47 
r436,h18 
r436,h45 
r437,h49 
r438,h18 
r438,h7 
r438,h77 
r438,h60 
r438,h23 
r438,h53 
r438,h85 
r439,h50 
r439,h48 
r439,h59 
r439,h91 
r439,h7 
r439,h87 
r439,h98 
r439,h57 
r439,h45 
r439,h80 
r440,h91 
r440,h97 
r440,h13 
r440,h30 
r441,h91 
r441,h87 
r441,h37 
r441,h97 
r441,h96 
r441,h8 
r441,h100 
r441,h74 
r441,h6 
r442,h55 
r442,h97 
r442,h81 
r442,h94 
r442,h11 
r442,h8 
r442,h57 
r442,h61 
r442,h26 
r442,h39 
r443,h50 
r443,h48 
r443,h59 
r443,h91 
r443,h2 
r443,h7 
r443,h37 
r443,h42 
r443,h95 
r443,h8 
r443,h100 
r443,h69 
r444,h17 
r444,h83 
r445,h42 
r445,h56 
r445,h95 
r445,h90 
r446,h36 
r446,h42 
r446,h16 
r446,h98 
r446,h54 
r446,h33 
r446,h63 
r447,h59 
r447,h91 
r447,h18 
r447,h87 
r447,h10 
r447,h13 
r447,h57 
r447,h69 
r447,h71 
r447,h72 
r448,h59 
r448,h18 
r448,h46 
r448,h87 
r448,h15 
r448,h8 
r448,h12 
r448,h68 
r448,h6 
r449,h11 
r449,h53 
r449,h90 
r449,h27 
r450,h7 
r450,h24 
r450,h95 
r450,h3 
r451,h48 
r451,h24 
r451,h10 
r451,h58 
r451,h40 
r452,h98 
r452,h73 
r453,h37 
r453,h100 
r453,h17 
r454,h65 
r454,h30 
r454,h43 
r455,h91 
r455,h41 
r455,h23 
r455,h98 
r455,h92 
r455,h34 
r456,h38 
r456,h24 
r456,h35 
r457,h46 
r457,h15 
r457,h81 
r457,h13 
r457,h16 
r457,h75 
r457,h57 
r457,h68 
r457,h32 
r457,h52 
r457,h22 
r458,h59 
r458,h2 
r458,h36 
r458,h88 
r458,h78 
r458,h97 
r458,h77 
r458,h81 
r458,h5 
r458,h44 
r458,h68 
r458,h85 
r459,h98 
r459,h22 
r460,h91 
r460,h84 
r460,h88 
r460,h7 
r460,h87 
r460,h38 
r460,h65 
r460,h81 
r460,h95 
r460,h12 
r460,h54 
r460,h66 
r461,h7 
r461,h87 
r461,h97 
r461,h41 
r461,h79 
r461,h73 
r462,h2 
r462,h24 
r462,h55 
r462,h10 
r462,h77 
r462,h81 
r462,h35 
r462,h74 
r463,h3 
r464,h87 
r464,h78 
r464,h42 
r464,h56 
r464,h17 
r465,h22 
r465,h99 
r466,h48 
r466,h59 
r466,h84 
r466,h46 
r466,h87 
r466,h78 
r466,h41 
r466,h13 
r466,h95 
r466,h75 
r466,h12 
r466,h49 
r466,h79 
r467,h91 
r467,h57 
r467,h63 
r468,h93 
r468,h87 
r468,h37 
r468,h20 
r468,h100 
r468,h90 
r468,h17 
r468,h80 
r468,h73 
r469,h48 
r469,h6 
r469,h79 
r469,h99 
r470,h7 
r470,h35 
r470,h98 
r470,h3 
r471,h48 
r471,h37 
r471,h42 
r471,h97 
r471,h94 
r472,h41 
r472,h63 
r472,h71 
r472,h29 
r472,h51 
r473,h48 
r473,h91 
r473,h84 
r473,h88 
r473,h7 
r473,h24 
r473,h77 
r473,h81 
r473,h16 
r473,h96 
r473,h53 
r473,h73 
r474,h97 
r474,h41 
r474,h95 
r474,h74 
r474,h73 
r475,h15 
r475,h10 
r475,h89 
r475,h23 
r476,h97 
r476,h76 
r476,h85 
r477,h38 
r477,h98 
r477,h99 
r478,h5 
r478,h49 
r479,h56 
r479,h13 
r479,h5 
r479,h20 
r479,h33 
r479,h3 
r480,h81 
r480,h53 
r481,h42 
r481,h100 
r482,h41 
r482,h98 
r483,h18 
r483,h42 
r483,h65 
r483,h23 
r483,h33 
r483,h63 
r484,h50 
r484,h7 
r484,h41 
r484,h13 
r484,h8 
r484,h20 
r484,h57 
r484,h66 
r484,h100 
r485,h84 
r485,h89 
r485,h19 
r485,h11 
r485,h25 
r485,h70 
r486,h19 
r486,h45 
r486,h67 
r486,h83 
r486,h27 
r487,h50 
r487,h46 
r487,h88 
r487,h77 
r487,h94 
r487,h95 
r487,h33 
r487,h49 
r487,h67 
r488,h50 
r488,h59 
r488,h84 
r488,h46 
r488,h87 
r488,h78 
r488,h15 
r488,h65 
r488,h81 
r488,h16 
r488,h12 
r488,h23 
r488,h54 
r488,h68 
r488,h85 
r489,h18 
r489,h36 
r489,h7 
r489,h15 
r489,h41 
r489,h94 
r489,h11 
r489,h96 
r489,h35 
r489,h12 
r489,h23 
r490,h24 
r490,h61 
r490,h17 
r491,h18 
r491,h84 
r491,h9 
r491,h78 
r491,h24 
r491,h19 
r491,h75 
r491,h5 
r491,h74 
r491,h73 
r492,h91 
r492,h46 
r492,h88 
r492,h56 
r492,h5 
r492,h44 
r492,h27 
r492,h47 
r493,h88 
r493,h24 
r493,h5 
r494,h24 
r494,h47 
r495,h15 
r495,h89 
r495,h19 
r495,h81 
r495,h44 
r495,h17 
r496,h91 
r496,h84 
r496,h87 
r496,h56 
r496,h75 
r496,h20 
r496,h54 
r497,h66 
r497,h83 
r497,h62 
r498,h2 
r498,h19 
r498,h16 
r498,h39 
r498,h52 
r499,h41 
r499,h23 
r500,h48 
r500,h15 
r500,h90 
r500,h52 
r501,h53 
r501,h79 
r502,h18 
r502,h84 
r502,h2 
r502,h88 
r502,h56 
r502,h96 
r502,h74 
r502,h69 
r502,h76 
r503,h84 
r503,h89 
r503,h1 
r503,h43 
r504,h23 
r504,h33 
r505,h24 
r505,h55 
r505,h11 
r506,h50 
r506,h2 
r506,h36 
r506,h7 
r506,h94 
r506,h35 
r506,h54 
r506,h69 
r506,h22 
r507,h48 
r507,h84 
r507,h93 
r507,h88 
r507,h24 
r507,h97 
r507,h77 
r507,h11 
r507,h31 
r507,h60 
r507,h12 
r507,h71 
r507,h22 
r508,h38 
r508,h24 
r508,h65 
r509,h87 
r509,h41 
r509,h95 
r509,h53 
r509,h71 
r509,h73 
r510,h57 
r510,h66 
r510,h74 
r511,h5 
r511,h33 
r512,h91 
r512,h24 
r512,h41 
r512,h13 
r512,h31 
r512,h16 
r512,h54 
r513,h95 
r513,h5 
r513,h71 
r513,h29 
r514,h89 
r514,h57 
r515,h14 
r515,h63 
r516,h31 
r516,h95 
r516,h20 
r516,h61 
r516,h45 
r517,h48 
r517,h5 
r517,h23 
r518,h23 
r518,h100 
r518,h27 
r518,h43 
r518,h64 
r519,h38 
r519,h19 
r519,h65 
r519,h44 
r519,h61 
r520,h25 
r521,h50 
r521,h2 
r521,h37 
r521,h35 
r521,h12 
r521,h66 
r521,h32 
r521,h52 
r522,h37 
r522,h95 
r522,h35 
r522,h53 
r522,h57 
r522,h49 
r523,h18 
r523,h42 
r523,h20 
r523,h26 
r523,h30 
r524,h2 
r524,h7 
r524,h15 
r524,h42 
r524,h11 
r524,h20 
r524,h66 
r524,h32 
r524,h80 
r525,h7 
r525,h37 
r525,h95 
r525,h75 
r525,h98 
r525,h53 
r525,h74 
r525,h90 
r526,h38 
r526,h37 
r526,h97 
r526,h56 
r526,h95 
r526,h12 
r527,h98 
r527,h32 
r527,h80 
r528,h66 
r528,h74 
r528,h82 
r529,h38 
r529,h45 
r529,h86 
r530,h12 
r530,h73 
r531,h36 
r531,h54 
r531,h100 
r531,h30 
r532,h36 
r532,h37 
r532,h41 
r532,h66 
r532,h52 
r532,h22 
r532,h27 
r533,h36 
r533,h88 
r533,h65 
r533,h34 
r534,h50 
r534,h14 
r534,h87 
r534,h38 
r534,h37 
r534,h66 
r535,h18 
r535,h2 
r535,h81 
r535,h1 
r535,h16 
r535,h12 
r535,h44 
r535,h66 
r535,h26 
r535,h74 
r535,h76 
r536,h41 
r536,h65 
r536,h13 
r536,h35 
r537,h2 
r537,h38 
r537,h89 
r537,h56 
r537,h54 
r537,h100 
r537,h74 
r537,h6 
r537,h99 
r538,h81 
r538,h98 
r538,h53 
r538,h100 
r538,h33 
r539,h7 
r539,h38 
r539,h42 
r539,h81 
r539,h44 
r539,h33 
r539,h52 
r540,h50 
r540,h1 
r540,h5 
r540,h23 
r540,h90 
r541,h13 
r541,h49 
r541,h76 
r542,h50 
r542,h7 
r542,h56 
r542,h13 
r542,h95 
r542,h12 
r543,h91 
r543,h65 
r543,h11 
r543,h53 
r543,h57 
r543,h71 
r544,h50 
r544,h48 
r544,h59 
r544,h84 
r544,h14 
r544,h46 
r544,h88 
r544,h78 
r544,h97 
r544,h11 
r544,h95 
r544,h96 
r544,h69 
r545,h50 
r545,h88 
r545,h38 
r545,h37 
r545,h19 
r545,h60 
r545,h5 
r546,h50 
r546,h18 
r546,h14 
r546,h93 
r546,h87 
r546,h38 
r546,h94 
r546,h96 
r546,h75 
r546,h8 
r546,h20 
r546,h44 
r546,h53 
r546,h17 
r547,h42 
r547,h41 
r547,h65 
r547,h63 
r548,h36 
r548,h97 
r548,h65 
r548,h95 
r548,h98 
r548,h68 
r549,h48 
r549,h68 
r549,h52 
r550,h38 
r550,h24 
r550,h37 
r550,h19 
r550,h65 
r550,h23 
r550,h82 
r551,h6 
r551,h49 
r551,h27 
r552,h54 
r553,h55 
r553,h17 
r553,h33 
r553,h69 
r554,h48 
r554,h46 
r554,h87 
r554,h38 
r554,h16 
r554,h5 
r554,h68 
r554,h80 
r555,h42 
r555,h41 
r555,h20 
r555,h76 
r556,h19 
r556,h71 
r557,h37 
r557,h98 
r557,h49 
r557,h52 
r558,h7 
r558,h38 
r558,h15 
r558,h56 
r558,h66 
r558,h39 
r558,h79 
r559,h59 
r559,h2 
r559,h38 
r559,h15 
r559,h37 
r559,h77 
r559,h95 
r559,h54 
r559,h34 
r559,h58 
r560,h84 
r560,h41 
r560,h31 
r560,h79 
r561,h23 
r561,h34 
r562,h72 
r563,h50 
r563,h18 
r563,h24 
r563,h41 
r563,h13 
r563,h33 
r564,h55 
r564,h94 
r564,h57 
r564,h17 
r565,h19 
r565,h5 
r565,h99 
r566,h50 
r566,h59 
r566,h91 
r566,h18 
r566,h84 
r566,h38 
r566,h65 
r566,h16 
r566,h23 
r566,h44 
r566,h49 
r566,h63 
r566,h34 
r566,h83 
r567,h98 
r567,h20 
r568,h48 
r568,h97 
r568,h100 
r568,h80 
r569,h48 
r569,h59 
r569,h18 
r569,h84 
r569,h9 
r569,h38 
r569,h97 
r569,h75 
r569,h54 
r569,h66 
r569,h90 
r569,h45 
r569,h67 
r570,h91 
r570,h9 
r570,h41 
r570,h94 
r570,h61 
r570,h30 
r571,h80 
r572,h18 
r572,h7 
r572,h38 
r572,h55 
r572,h56 
r572,h11 
r572,h54 
r573,h24 
r573,h42 
r573,h65 
r573,h13 
r573,h12 
r574,h56 
r574,h80 
r574,h28 
r574,h29 
r575,h84 
r575,h88 
r575,h55 
r575,h80 
r576,h48 
r576,h69 
r577,h36 
r577,h32 
r578,h84 
r578,h83 
r579,h38 
r579,h53 
r580,h2 
r580,h97 
r580,h81 
r580,h5 
r580,h98 
r580,h51 
r581,h56 
r581,h32 
r582,h56 
r582,h35 
r582,h69 
r583,h65 
r583,h17 
r584,h46 
r584,h63 
r584,h40 
r585,h97 
r585,h10 
r585,h35 
r585,h75 
r585,h57 
r585,h22 
r585,h99 
r586,h19 
r586,h60 
r586,h61 
r586,h33 
r586,h72 
r586,h99 
r587,h91 
r587,h98 
r587,h71 
r588,h2 
r588,h37 
r588,h97 
r588,h19 
r588,h41 
r588,h1 
r588,h23 
r589,h55 
r589,h94 
r589,h12 
r589,h67 
r590,h56 
r590,h53 
r590,h29 
r591,h35 
r591,h5 
r591,h17 
r592,h66 
r593,h37 
r593,h12 
r593,h49 
r594,h11 
r594,h35 
r594,h63 
r595,h38 
r595,h55 
r595,h89 
r595,h13 
r595,h57 
r595,h49 
r595,h45 
r596,h81 
r596,h11 
r596,h61 
r596,h68 
r596,h74 
r596,h76 
r597,h36 
r597,h7 
r597,h38 
r597,h89 
r597,h19 
r597,h23 
r598,h7 
r598,h56 
r598,h81 
r598,h13 
r598,h57 
r598,h28 
r599,h38 
r599,h97 
r599,h65 
r599,h92 
r599,h3 
r600,h92 
r600,h45 
r600,h83 
r601,h97 
r601,h41 
r601,h1 
r601,h35 
r601,h69 
r601,h64 
r602,h32 
r603,h91 
r603,h84 
r603,h2 
r603,h15 
r603,h37 
r603,h97 
r603,h1 
r603,h11 
r603,h16 
r603,h8 
r603,h85 
r603,h34 
r603,h86 
r604,h24 
r604,h53 
r604,h66 
r605,h59 
r605,h36 
r605,h28 
r606,h24 
r606,h41 
r606,h75 
r606,h32 
r606,h30 
r607,h91 
r607,h33 
r608,h50 
r608,h2 
r608,h88 
r608,h24 
r608,h77 
r608,h95 
r609,h35 
r609,h53 
r609,h68 
r609,h52 
r610,h2 
r610,h24 
r610,h57 
r610,h71 
r611,h91 
r611,h54 
r611,h26 
r611,h49 
r611,h34 
r612,h88 
r612,h54 
r613,h38 
r613,h98 
r613,h74 
r613,h63 
r614,h48 
r614,h88 
r614,h87 
r614,h15 
r614,h98 
r614,h74 
r614,h6 
r614,h67 
r615,h50 
r615,h2 
r615,h10 
r615,h94 
r615,h60 
r615,h20 
r615,h71 
r615,h82 
r615,h86 
r616,h26 
r616,h74 
r616,h45 
r616,h72 
r616,h83 
r617,h88 
r617,h37 
r617,h55 
r617,h11 
r617,h33 
r617,h69 
r617,h76 
r617,h85 
r617,h99 
r618,h12 
r618,h39 
r618,h3 
r619,h55 
r619,h75 
r619,h26 
r619,h67 
r620,h36 
r620,h88 
r620,h42 
r620,h75 
r620,h57 
r620,h67 
r621,h66 
r621,h22 
r622,h50 
r622,h48 
r622,h91 
r622,h84 
r622,h2 
r622,h38 
r622,h15 
r622,h37 
r622,h77 
r623,h36 
r623,h15 
r623,h81 
r623,h57 
r623,h85 
r624,h24 
r624,h23 
r624,h39 
r625,h36 
r625,h24 
r625,h65 
r625,h95 
r625,h5 
r625,h66 
r625,h79 
r626,h13 
r626,h66 
r626,h6 
r626,h83 
r627,h38 
r627,h19 
r627,h22 
r628,h37 
r628,h97 
r628,h26 
r629,h44 
r629,h26 
r629,h30 
r630,h93 
r630,h15 
r630,h37 
r630,h19 
r630,h31 
r630,h23 
r630,h39 
r630,h74 
r630,h52 
r630,h22 
r631,h50 
r631,h48 
r631,h91 
r631,h7 
r631,h42 
r631,h89 
r631,h19 
r631,h56 
r631,h11 
r631,h16 
r631,h53 
r632,h2 
r632,h36 
r632,h55 
r632,h19 
r632,h75 
r632,h12 
r632,h74 
r632,h67 
r633,h35 
r633,h40 
r634,h48 
r634,h91 
r634,h88 
r634,h77 
r634,h1 
r634,h60 
r634,h98 
r634,h53 
r634,h66 
r634,h27 
r634,h86 
r635,h65 
r635,h94 
r635,h35 
r635,h80 
r636,h91 
r636,h95 
r636,h5 
r636,h62 
r637,h50 
r637,h38 
r637,h15 
r637,h24 
r637,h37 
r637,h42 
r637,h89 
r637,h94 
r637,h23 
r637,h44 
r637,h100 
r638,h87 
r638,h23 
r638,h98 
r638,h68 
r638,h6 
r638,h69 
r638,h85 
r639,h50 
r639,h59 
r639,h89 
r639,h57 
r639,h69 
r640,h93 
r640,h36 
r640,h95 
r640,h20 
r640,h57 
r640,h68 
r640,h74 
r640,h69 
r640,h71 
r640,h51 
r641,h19 
r641,h56 
r641,h54 
r642,h50 
r642,h48 
r642,h59 
r642,h18 
r642,h84 
r642,h38 
r642,h97 
r642,h10 
r642,h19 
r642,h23 
r642,h53 
r642,h100 
r642,h52 
r643,h81 
r643,h11 
r643,h32 
r643,h27 
r643,h73 
r644,h97 
r644,h74 
r645,h19 
r645,h53 
r645,h63 
r646,h54 
r646,h17 
r647,h30 
r648,h9 
r648,h41 
r648,h34 
r649,h7 
r649,h24 
r649,h94 
r649,h61 
r649,h51 
r650,h38 
r650,h97 
r650,h94 
r650,h95 
r650,h52 
r650,h99 
r650,h25 
r651,h24 
r651,h41 
r651,h62 
r652,h59 
r652,h2 
r652,h46 
r652,h87 
r652,h78 
r652,h94 
r652,h1 
r652,h20 
r652,h57 
r652,h68 
r652,h74 
r653,h14 
r653,h7 
r653,h24 
r653,h95 
r653,h96 
r653,h54 
r653,h85 
r653,h30 
r653,h72 
r654,h36 
r654,h37 
r654,h65 
r654,h98 
r654,h62 
r655,h24 
r655,h17 
r655,h34 
r656,h23 
r657,h50 
r657,h48 
r657,h18 
r657,h38 
r657,h10 
r657,h94 
r657,h12 
r657,h83 
r658,h37 
r658,h23 
r658,h98 
r658,h20 
r658,h26 
r658,h52 
r659,h12 
r660,h18 
r660,h89 
r660,h23 
r660,h66 
r660,h92 
r661,h65 
r661,h95 
r661,h32 
r661,h92 
r662,h37 
r662,h5 
r662,h23 
r662,h79 
r663,h77 
r663,h23 
r663,h71 
r663,h72 
r663,h80 
r664,h78 
r664,h54 
r665,h14 
r665,h93 
r665,h89 
r665,h94 
r665,h12 
r666,h33 
r667,h67 
r668,h48 
r668,h1 
r668,h5 
r668,h57 
r668,h39 
r669,h36 
r669,h42 
r669,h11 
r669,h13 
r669,h35 
r669,h75 
r669,h20 
r669,h68 
r669,h92 
r669,h27 
r670,h50 
r670,h59 
r670,h18 
r670,h32 
r670,h67 
r671,h56 
r671,h5 
r671,h76 
r672,h88 
r672,h38 
r672,h56 
r672,h95 
r672,h54 
r672,h82 
r673,h24 
r673,h81 
r673,h60 
r674,h50 
r674,h41 
r674,h56 
r674,h81 
r674,h32 
r675,h19 
r675,h56 
r675,h5 
r675,h27 
r676,h42 
r676,h95 
r676,h100 
r676,h27 
r677,h2 
r677,h49 
r678,h50 
r678,h59 
r678,h15 
r678,h42 
r678,h16 
r678,h35 
r678,h75 
r678,h66 
r678,h72 
r678,h27 
r679,h36 
r679,h97 
r679,h95 
r679,h98 
r679,h63 
r679,h43 
r680,h18 
r680,h11 
r680,h12 
r680,h98 
r680,h44 
r680,h85 
r680,h58 
r681,h48 
r681,h5 
r681,h57 
r681,h52 
r682,h54 
r683,h60 
r683,h58 
r684,h59 
r684,h91 
r684,h78 
r684,h42 
r684,h65 
r684,h94 
r684,h96 
r684,h20 
r684,h90 
r684,h40 
r685,h95 
r685,h32 
r686,h55 
r686,h65 
r686,h66 
r686,h49 
r687,h37 
r687,h13 
r688,h46 
r688,h44 
r688,h47 
r689,h15 
r689,h79 
r689,h67 
r690,h37 
r690,h19 
r690,h56 
r690,h98 
r690,h33 
r690,h34 
r691,h65 
r691,h30 
r692,h65 
r692,h13 
r692,h20 
r693,h18 
r693,h42 
r693,h16 
r693,h5 
r693,h53 
r693,h100 
r693,h49 
r693,h3 
r694,h31 
r694,h100 
r694,h79 
r694,h92 
r695,h24 
r695,h31 
r695,h5 
r696,h18 
r696,h14 
r696,h36 
r696,h88 
r696,h37 
r696,h94 
r696,h12 
r696,h32 
r696,h22 
r696,h45 
r697,h91 
r697,h84 
r697,h88 
r697,h42 
r697,h55 
r697,h11 
r697,h79 
r697,h80 
r697,h86 
r698,h50 
r698,h18 
r698,h2 
r698,h7 
r698,h38 
r698,h56 
r698,h44 
r698,h17 
r698,h79 
r699,h32 
r700,h59 
r700,h91 
r700,h94 
r700,h61 
r700,h30 
r700,h83 
r701,h48 
r701,h36 
r701,h55 
r701,h56 
r701,h77 
r701,h60 
r701,h98 
r701,h53 
r701,h74 
r701,h76 
r702,h91 
r702,h19 
r702,h65 
r703,h19 
r703,h13 
r703,h31 
r703,h12 
r703,h79 
r704,h19 
r704,h13 
r704,h23 
r704,h45 
r705,h41 
r705,h66 
r705,h86 
r706,h2 
r706,h37 
r706,h19 
r706,h60 
r706,h35 
r706,h5 
r706,h44 
r706,h79 
r706,h73 
r706,h43 
r707,h7 
r707,h17 
r707,h33 
r707,h40 
r708,h15 
r708,h35 
r708,h52 
r708,h51 
r709,h48 
r709,h14 
r709,h2 
r709,h7 
r709,h38 
r709,h24 
r709,h83 
r710,h7 
r710,h15 
r710,h26 
r711,h59 
r711,h44 
r711,h27 
r711,h28 
r712,h13 
r712,h35 
r712,h54 
r712,h100 
r712,h76 
r713,h57 
r713,h34 
r714,h23 
r714,h33 
r714,h80 
r715,h53 
r715,h99 
r716,h59 
r716,h91 
r716,h37 
r716,h74 
r717,h50 
r717,h91 
r717,h18 
r717,h36 
r717,h15 
r717,h94 
r717,h1 
r717,h11 
r717,h53 
r718,h84 
r718,h38 
r718,h55 
r718,h56 
r718,h65 
r718,h12 
r718,h74 
r719,h88 
r719,h13 
r719,h100 
r719,h33 
r720,h31 
r720,h95 
r720,h96 
r720,h61 
r720,h66 
r720,h90 
r720,h80 
r721,h12 
r721,h27 
r721,h47 
r722,h95 
r722,h32 
r723,h48 
r723,h100 
r724,h94 
r724,h12 
r724,h66 
r724,h63 
r725,h55 
r725,h72 
r726,h15 
r726,h37 
r726,h74 
r727,h65 
r727,h69 
r727,h76 
r727,h80 
r728,h14 
r728,h46 
r728,h88 
r728,h42 
r728,h65 
r728,h1 
r728,h20 
r728,h39 
r728,h92 
r729,h81 
r729,h20 
r729,h61 
r729,h66 
r729,h86 
r730,h19 
r730,h41 
r730,h56 
r730,h68 
r730,h29 
r731,h93 
r731,h81 
r731,h23 
r731,h71 
r731,h21 
r732,h48 
r732,h46 
r732,h88 
r732,h15 
r732,h42 
r732,h41 
r732,h81 
r732,h11 
r732,h35 
r732,h68 
r732,h47 
r733,h36 
r733,h55 
r733,h20 
r734,h95 
r734,h23 
r734,h74 
r735,h15 
r735,h56 
r735,h39 
r736,h42 
r736,h55 
r736,h35 
r736,h6 
r736,h33 
r736,h51 
r737,h5 
r737,h33 
r737,h64 
r738,h91 
r738,h2 
r738,h89 
r738,h19 
r738,h41 
r738,h16 
r738,h52 
r739,h36 
r739,h6 
r739,h73 
r740,h24 
r740,h26 
r740,h17 
r741,h88 
r741,h37 
r741,h55 
r741,h19 
r741,h11 
r741,h5 
r741,h98 
r742,h59 
r742,h91 
r742,h84 
r742,h87 
r742,h24 
r742,h10 
r742,h41 
r742,h81 
r742,h94 
r742,h95 
r742,h23 
r742,h74 
r742,h30 
r743,h23 
r743,h52 
r743,h62 
r744,h50 
r744,h84 
r744,h93 
r744,h2 
r744,h87 
r744,h37 
r744,h13 
r744,h95 
r744,h96 
r744,h53 
r744,h61 
r744,h33 
r744,h49 
r744,h52 
r744,h27 
r745,h18 
r745,h42 
r745,h97 
r745,h74 
r746,h48 
r746,h87 
r746,h41 
r746,h81 
r746,h1 
r746,h95 
r746,h96 
r746,h20 
r746,h92 
r747,h66 
r747,h6 
r747,h71 
r747,h40 
r748,h50 
r748,h46 
r748,h36 
r748,h1 
r748,h20 
r748,h39 
r749,h55 
r749,h19 
r749,h5 
r749,h23 
r749,h32 
r749,h92 
r749,h63 
r750,h42 
r750,h77 
r750,h53 
r750,h69 
r750,h72 
r751,h2 
r751,h53 
r751,h27 
r752,h91 
r752,h78 
r752,h55 
r752,h13 
r752,h66 
r752,h76 
r753,h91 
r753,h88 
r753,h56 
r753,h44 
r753,h39 
r754,h13 
r754,h35 
r754,h67 
r755,h89 
r755,h65 
r755,h96 
r755,h12 
r756,h59 
r756,h88 
r756,h7 
r756,h15 
r756,h5 
r756,h23 
r756,h20 
r756,h32 
r756,h3 
r756,h86 
r757,h48 
r757,h88 
r757,h7 
r757,h15 
r757,h55 
r757,h11 
r757,h60 
r757,h8 
r757,h12 
r757,h98 
r757,h54 
r757,h39 
r757,h85 
r758,h41 
r758,h96 
r758,h63 
r759,h84 
r759,h23 
r759,h61 
r759,h71 
r759,h62 
r760,h59 
r760,h18 
r760,h46 
r760,h15 
r760,h89 
r760,h94 
r760,h23 
r760,h71 
r761,h18 
r761,h5 
r761,h63 
r761,h69 
r761,h71 
r761,h80 
r761,h73 
r761,h29 
r762,h93 
r762,h2 
r762,h19 
r762,h65 
r762,h73 
r763,h74 
r763,h6 
r764,h50 
r764,h59 
r764,h84 
r764,h93 
r764,h88 
r764,h78 
r764,h10 
r764,h1 
r764,h11 
r764,h23 
r764,h98 
r764,h6 
r764,h47 
r764,h25 
r765,h36 
r765,h12 
r765,h63 
r766,h84 
r766,h46 
r766,h36 
r766,h38 
r766,h19 
r766,h13 
r766,h35 
r766,h98 
r766,h44 
r766,h57 
r766,h33 
r766,h76 
r767,h19 
r767,h12 
r767,h98 
r768,h87 
r768,h15 
r768,h65 
r768,h47 
r768,h25 
r769,h65 
r769,h75 
r770,h95 
r770,h23 
r770,h98 
r771,h12 
r771,h54 
r771,h76 
r771,h27 
r772,h87 
r772,h65 
r772,h39 
r773,h50 
r773,h48 
r773,h42 
r773,h54 
r774,h91 
r774,h88 
r774,h89 
r774,h81 
r774,h61 
r774,h74 
r774,h6 
r775,h88 
r775,h67 
r776,h19 
r776,h100 
r777,h95 
r777,h3 
r778,h50 
r778,h59 
r778,h84 
r778,h2 
r778,h7 
r778,h42 
r778,h19 
r778,h77 
r778,h31 
r778,h5 
r778,h66 
r778,h90 
r778,h76 
r779,h50 
r779,h36 
r779,h41 
r779,h35 
r779,h5 
r779,h23 
r779,h69 
r780,h91 
r780,h2 
r780,h36 
r780,h88 
r780,h41 
r780,h57 
r781,h23 
r781,h57 
r781,h66 
r782,h38 
r782,h81 
r782,h13 
r782,h32 
r783,h75 
r783,h74 
r783,h79 
r783,h71 
r784,h24 
r784,h81 
r785,h59 
r785,h93 
r785,h24 
r785,h42 
r785,h55 
r785,h81 
r785,h23 
r785,h57 
r785,h72 
r786,h89 
r786,h19 
r786,h12 
r786,h53 
r787,h19 
r787,h23 
r787,h68 
r787,h79 
r788,h36 
r788,h94 
r788,h20 
r788,h83 
r789,h59 
r789,h84 
r789,h2 
r789,h37 
r789,h10 
r789,h19 
r789,h35 
r789,h75 
r789,h66 
r789,h17 
r790,h19 
r790,h20 
r790,h54 
r791,h13 
r791,h95 
r791,h22 
r791,h73 
r792,h48 
r792,h81 
r793,h48 
r793,h59 
r793,h23 
r793,h57 
r793,h74 
r793,h49 
r793,h47 
r794,h98 
r795,h7 
r795,h95 
r795,h62 
r796,h91 
r796,h97 
r796,h1 
r796,h57 
r796,h33 
r797,h12 
r798,h84 
r798,h7 
r798,h19 
r798,h56 
r798,h81 
r798,h5 
r798,h26 
r798,h40 
r799,h83 
r800,h93 
r800,h38 
r800,h15 
r800,h37 
r800,h55 
r800,h41 
r800,h75 
r800,h54 
r800,h52 
r800,h85 
r801,h90 
r801,h49 
r802,h18 
r802,h2 
r802,h42 
r802,h12 
r802,h57 
r802,h90 
r802,h71 
r802,h47 
r803,h11 
r803,h66 
r803,h79 
r803,h47 
r804,h36 
r804,h89 
r804,h56 
r804,h74 
r804,h73 
r805,h65 
r805,h75 
r805,h100 
r805,h33 
r806,h50 
r806,h18 
r806,h87 
r806,h24 
r806,h65 
r806,h69 
r807,h15 
r807,h41 
r807,h95 
r807,h54 
r808,h18 
r808,h35 
r808,h100 
r808,h92 
r808,h69 
r809,h91 
r809,h36 
r809,h88 
r809,h78 
r809,h55 
r809,h56 
r809,h81 
r809,h94 
r809,h26 
r810,h59 
r810,h23 
r810,h20 
r810,h92 
r810,h25 
r811,h93 
r811,h36 
r811,h87 
r811,h89 
r811,h13 
r811,h39 
r811,h45 
r812,h55 
r812,h41 
r812,h56 
r812,h5 
r812,h39 
r812,h63 
r812,h67 
r813,h33 
r813,h69 
r813,h25 
r814,h13 
r814,h20 
r814,h67 
r815,h24 
r815,h13 
r815,h12 
r815,h98 
r815,h30 
r815,h99 
r816,h36 
r816,h13 
r816,h95 
r817,h59 
r817,h91 
r817,h84 
r817,h7 
r817,h55 
r817,h77 
r817,h11 
r817,h95 
r817,h16 
r817,h12 
r817,h20 
r817,h73 
r817,h70 
r818,h37 
r818,h13 
r818,h96 
r818,h35 
r818,h98 
r818,h79 
r818,h86 
r819,h36 
r819,h54 
r820,h24 
r820,h5 
r820,h12 
r821,h7 
r821,h95 
r821,h44 
r822,h36 
r822,h13 
r822,h35 
r822,h39 
r822,h71 
r823,h79 
r824,h50 
r824,h15 
r824,h65 
r824,h32 
r824,h34 
r824,h80 
r825,h41 
r825,h56 
r825,h31 
r826,h32 
r827,h91 
r827,h36 
r827,h68 
r827,h39 
r828,h16 
r828,h27 
r829,h38 
r829,h10 
r829,h13 
r829,h60 
r829,h22 
r830,h97 
r830,h79 
r831,h88 
r831,h60 
r831,h33 
r831,h58 
r832,h59 
r832,h91 
r832,h24 
r832,h37 
r832,h42 
r832,h10 
r832,h11 
r832,h31 
r832,h54 
r832,h26 
r833,h2 
r833,h7 
r833,h97 
r833,h56 
r833,h96 
r833,h26 
r834,h18 
r834,h81 
r834,h100 
r835,h48 
r835,h18 
r835,h88 
r835,h7 
r835,h9 
r835,h42 
r835,h65 
r835,h1 
r835,h13 
r835,h53 
r835,h52 
r835,h67 
r836,h24 
r836,h37 
r836,h42 
r836,h39 
r836,h74 
r836,h69 
r837,h37 
r837,h42 
r837,h31 
r837,h5 
r837,h61 
r838,h38 
r838,h24 
r838,h37 
r838,h94 
r838,h75 
r838,h12 
r838,h20 
r838,h100 
r839,h26 
r840,h50 
r840,h2 
r840,h46 
r840,h55 
r840,h65 
r840,h23 
r841,h48 
r841,h91 
r841,h36 
r841,h38 
r841,h19 
r841,h41 
r841,h65 
r841,h5 
r841,h98 
r841,h26 
r841,h79 
r841,h92 
r841,h83 
r841,h99 
r842,h55 
r842,h81 
r842,h53 
r843,h98 
r843,h43 
r844,h2 
r844,h31 
r844,h6 
r844,h32 
r844,h49 
r844,h99 
r845,h11 
r845,h39 
r845,h52 
r846,h19 
r846,h41 
r846,h44 
r846,h69 
r847,h10 
r847,h35 
r847,h12 
r847,h23 
r847,h61 
r847,h90 
r848,h42 
r848,h34 
r849,h15 
r849,h56 
r849,h35 
r849,h54 
r849,h68 
r850,h36 
r850,h37 
r850,h97 
r850,h65 
r850,h60 
r850,h90 
r851,h15 
r851,h94 
r851,h31 
r851,h96 
r851,h74 
r852,h38 
r852,h81 
r852,h16 
r852,h39 
r853,h59 
r853,h91 
r853,h87 
r853,h38 
r853,h31 
r853,h95 
r853,h5 
r853,h44 
r853,h54 
r853,h28 
r853,h99 
r854,h50 
r854,h84 
r854,h14 
r854,h2 
r854,h9 
r854,h24 
r854,h95 
r854,h96 
r854,h20 
r854,h30 
r855,h9 
r855,h89 
r855,h100 
r855,h90 
r855,h79 
r856,h87 
r856,h5 
r856,h12 
r856,h3 
r857,h7 
r857,h38 
r857,h37 
r857,h55 
r857,h41 
r857,h23 
r858,h91 
r858,h15 
r858,h75 
r858,h53 
r858,h63 
r859,h15 
r859,h33 
r860,h42 
r860,h97 
r860,h35 
r860,h66 
r860,h74 
r860,h34 
r861,h91 
r861,h36 
r861,h7 
r861,h54 
r861,h85 
r862,h49 
r862,h22 
r862,h47 
r863,h2 
r863,h36 
r863,h41 
r863,h20 
r864,h48 
r864,h18 
r864,h42 
r864,h98 
r864,h52 
r865,h26 
r865,h52 
r865,h83 
r866,h18 
r866,h14 
r866,h88 
r866,h7 
r866,h77 
r866,h1 
r866,h57 
r866,h61 
r866,h26 
r866,h74 
r866,h73 
r867,h13 
r868,h37 
r868,h97 
r868,h19 
r868,h58 
r869,h24 
r869,h83 
r869,h29 
r870,h94 
r870,h44 
r870,h47 
r870,h70 
r871,h50 
r871,h9 
r871,h37 
r871,h60 
r871,h35 
r871,h57 
r871,h40 
r872,h88 
r872,h41 
r872,h95 
r873,h6 
r874,h7 
r874,h38 
r874,h15 
r874,h37 
r874,h17 
r874,h69 
r874,h67 
r875,h18 
r875,h36 
r875,h19 
r875,h56 
r875,h65 
r875,h1 
r875,h11 
r875,h60 
r875,h95 
r875,h32 
r876,h44 
r876,h100 
r876,h76 
r877,h37 
r877,h53 
r877,h71 
r877,h34 
r877,h80 
r878,h56 
r878,h21 
r879,h88 
r879,h95 
r879,h16 
r879,h12 
r880,h7 
r880,h65 
r880,h75 
r880,h5 
r880,h57 
r880,h76 
r881,h50 
r881,h59 
r881,h36 
r881,h7 
r881,h1 
r881,h11 
r881,h12 
r881,h23 
r881,h100 
r881,h6 
r881,h79 
r882,h61 
r882,h33 
r882,h69 
r883,h100 
r883,h26 
r884,h50 
r884,h48 
r884,h59 
r884,h91 
r884,h18 
r884,h93 
r884,h36 
r884,h88 
r884,h38 
r884,h42 
r884,h41 
r884,h31 
r884,h8 
r884,h53 
r884,h63 
r885,h54 
r886,h48 
r886,h15 
r886,h65 
r886,h66 
r886,h6 
r887,h48 
r887,h59 
r887,h24 
r887,h37 
r887,h55 
r887,h13 
r887,h95 
r887,h5 
r887,h66 
r887,h22 
r888,h37 
r888,h55 
r888,h56 
r888,h5 
r888,h23 
r888,h20 
r888,h34 
r889,h88 
r889,h7 
r889,h65 
r889,h47 
r890,h12 
r890,h98 
r890,h20 
r890,h66 
r890,h33 
r890,h67 
r891,h2 
r891,h78 
r891,h37 
r891,h5 
r891,h92 
r891,h22 
r892,h50 
r892,h88 
r892,h7 
r892,h56 
r892,h12 
r892,h40 
r893,h20 
r893,h30 
r894,h93 
r894,h7 
r894,h38 
r894,h42 
r894,h97 
r894,h10 
r894,h89 
r894,h65 
r894,h95 
r894,h68 
r894,h74 
r894,h22 
r895,h47 
r896,h88 
r896,h24 
r896,h80 
r896,h40 
r897,h50 
r897,h15 
r897,h35 
r897,h67 
r898,h84 
r898,h93 
r898,h24 
r898,h56 
r898,h81 
r898,h20 
r898,h22 
r898,h47 
r899,h94 
r899,h33 
r900,h84 
r900,h46 
r900,h35 
r900,h80 
r900,h28 
r901,h24 
r901,h42 
r901,h95 
r901,h100 
r901,h26 
r901,h39 
r902,h13 
r902,h52 
r902,h71 
r903,h41 
r903,h22 
r904,h42 
r904,h94 
r904,h23 
r904,h20 
r904,h53 
r904,h49 
r904,h71 
r904,h85 
r905,h56 
r905,h30 
r906,h15 
r906,h81 
r906,h5 
r906,h12 
r906,h57 
r906,h28 
r907,h7 
r907,h15 
r907,h42 
r907,h5 
r907,h26 
r908,h24 
r908,h81 
r908,h98 
r908,h17 
r908,h67 
r908,h28 
r909,h81 
r909,h66 
r910,h14 
r910,h55 
r910,h56 
r911,h50 
r911,h91 
r911,h88 
r911,h9 
r911,h24 
r911,h12 
r911,h20 
r911,h53 
r911,h26 
r912,h2 
r912,h19 
r912,h74 
r912,h63 
r913,h41 
r913,h79 
r913,h63 
r914,h15 
r914,h11 
r914,h13 
r915,h18 
r915,h88 
r915,h7 
r915,h38 
r915,h55 
r915,h65 
r915,h31 
r915,h23 
r915,h69 
r915,h71 
r915,h30 
r916,h36 
r916,h13 
r916,h20 
r916,h32 
r916,h52 
r917,h5 
r917,h12 
r917,h23 
r917,h54 
r918,h56 
r918,h76 
r918,h82 
r919,h54 
r920,h14 
r920,h9 
r920,h89 
r920,h65 
r920,h62 
r921,h37 
r921,h65 
r921,h81 
r921,h90 
r921,h33 
r922,h18 
r922,h88 
r922,h87 
r922,h81 
r922,h39 
r923,h50 
r923,h48 
r923,h14 
r923,h93 
r923,h46 
r923,h36 
r923,h10 
r923,h89 
r923,h94 
r923,h20 
r924,h84 
r924,h14 
r924,h93 
r924,h15 
r924,h81 
r924,h13 
r924,h8 
r924,h63 
r924,h45 
r924,h27 
r925,h32 
r926,h48 
r926,h59 
r926,h24 
r926,h42 
r926,h56 
r926,h32 
r926,h27 
r927,h77 
r927,h35 
r927,h69 
r928,h19 
r928,h32 
r929,h13 
r929,h95 
r929,h74 
r930,h91 
r930,h14 
r930,h2 
r930,h7 
r930,h87 
r930,h15 
r930,h13 
r930,h16 
r930,h69 
r931,h23 
r931,h79 
r932,h88 
r932,h12 
r932,h79 
r932,h3 
r933,h50 
r933,h48 
r933,h93 
r933,h38 
r933,h24 
r933,h65 
r933,h81 
r933,h94 
r933,h1 
r933,h12 
r934,h55 
r934,h56 
r934,h57 
r935,h50 
r935,h84 
r935,h14 
r935,h37 
r935,h31 
r935,h60 
r935,h75 
r935,h5 
r935,h12 
r935,h23 
r935,h68 
r936,h66 
r936,h34 
r937,h97 
r937,h41 
r937,h65 
r938,h12 
r939,h15 
r939,h13 
r939,h5 
r940,h48 
r940,h93 
r940,h46 
r940,h37 
r940,h42 
r940,h65 
r940,h81 
r940,h57 
r940,h64 
r941,h37 
r941,h74 
r941,h49 
r942,h19 
r942,h31 
r942,h20 
r942,h28 
r943,h38 
r943,h42 
r943,h30 
r943,h27 
r944,h59 
r944,h84 
r944,h38 
r944,h15 
r944,h24 
r944,h55 
r944,h89 
r944,h1 
r944,h8 
r944,h71 
r944,h47 
r945,h48 
r945,h2 
r945,h87 
r945,h15 
r945,h55 
r945,h65 
r945,h60 
r945,h16 
r945,h90 
r945,h72 
r946,h7 
r946,h42 
r946,h66 
r946,h92 
r947,h98 
r947,h52 
r947,h30 
r948,h81 
r948,h57 
r948,h26 
r949,h76 
r949,h58 
r950,h87 
r950,h96 
r950,h52 
r951,h15 
r951,h97 
r951,h57 
r951,h4 
r952,h42 
r952,h13 
r952,h32 
r952,h52 
r952,h72 
r953,h18 
r953,h36 
r953,h78 
r953,h24 
r953,h31 
r953,h16 
r953,h5 
r953,h86 
r954,h38 
r954,h65 
r954,h94 
r954,h68 
r954,h80 
r955,h30 
r956,h91 
r956,h9 
r956,h38 
r956,h12 
r956,h33 
r956,h71 
r957,h26 
r957,h79 
r958,h77 
r958,h1 
r958,h67 
r959,h50 
r959,h31 
r959,h69 
r959,h72 
r960,h45 
r960,h67 
r960,h83 
r961,h18 
r961,h2 
r961,h36 
r961,h1 
r961,h11 
r961,h68 
r961,h100 
r961,h26 
r961,h79 
r962,h37 
r962,h42 
r962,h65 
r962,h40 
r962,h82 
r963,h24 
r963,h19 
r963,h49 
r964,h46 
r964,h9 
r964,h6 
r965,h91 
r965,h55 
r965,h13 
r965,h69 
r966,h23 
r966,h22 
r967,h50 
r967,h91 
r967,h93 
r967,h46 
r967,h36 
r967,h38 
r967,h78 
r967,h10 
r967,h44 
r967,h54 
r967,h76 
r967,h34 
r967,h21 
r968,h50 
r968,h48 
r968,h15 
r968,h24 
r968,h55 
r968,h65 
r968,h1 
r968,h13 
r968,h31 
r968,h34 
r969,h36 
r969,h20 
r969,h39 
r969,h32 
r969,h49 
r970,h54 
r970,h100 
r970,h74 
r971,h91 
r971,h57 
r972,h36 
r972,h15 
r972,h56 
r972,h31 
r972,h74 
r972,h33 
r973,h18 
r973,h88 
r973,h97 
r973,h19 
r973,h41 
r973,h23 
r973,h44 
r973,h21 
r974,h50 
r974,h48 
r974,h18 
r974,h46 
r974,h42 
r974,h75 
r974,h8 
r974,h53 
r974,h33 
r974,h63 
r974,h69 
r975,h24 
r975,h54 
r975,h33 
r976,h79 
r977,h2 
r977,h37 
r977,h69 
r978,h91 
r978,h2 
r978,h36 
r978,h7 
r978,h1 
r978,h95 
r978,h5 
r978,h8 
r978,h20 
r978,h90 
r978,h6 
r979,h50 
r979,h9 
r979,h78 
r979,h89 
r979,h56 
r979,h77 
r979,h81 
r979,h60 
r979,h95 
r979,h96 
r979,h20 
r979,h57 
r979,h49 
r979,h63 
r979,h72 
r980,h91 
r980,h38 
r980,h15 
r980,h37 
r980,h1 
r980,h8 
r980,h12 
r980,h54 
r981,h14 
r981,h35 
r982,h38 
r982,h75 
r982,h39 
r982,h62 
r983,h50 
r983,h91 
r983,h18 
r983,h84 
r983,h46 
r983,h24 
r983,h19 
r983,h1 
r983,h6 
r983,h80 
r984,h59 
r984,h98 
r984,h90 
r984,h58 
r985,h2 
r985,h36 
r985,h88 
r985,h55 
r985,h19 
r985,h1 
r985,h12 
r985,h53 
r985,h27 
r986,h95 
r986,h35 
r986,h98 
r986,h45 
r987,h14 
r987,h62 
r988,h36 
r988,h19 
r988,h35 
r988,h8 
r988,h20 
r989,h2 
r989,h38 
r989,h35 
r990,h57 
r990,h17 
r991,h66 
r991,h33 
r991,h79 
r991,h45 
r992,h31 
r992,h45 
r993,h97 
r993,h17 
r993,h69 
r994,h24 
r994,h37 
r994,h41 
r994,h75 
r994,h52 
r995,h65 
r995,h57 
r996,h50 
r996,h48 
r996,h91 
r996,h93 
r996,h36 
r996,h88 
r996,h89 
r996,h81 
r996,h11 
r996,h95 
r996,h52 
r996,h45 
r997,h50 
r997,h91 
r997,h98 
r997,h71 
r997,h73 
r998,h24 
r998,h41 
r998,h13 
r999,h36 
r999,h95 
r999,h32 
r1000,h24 
r1000,h37 
r1000,h97 
r1000,h98 
r1000,h54 
r1000,h67 
